Place,Afghanistan
Place,Albania
Place,Algeria
Place,Andorra
Place,Angola
Place,AntiguaandBarbuda
Place,Argentina
Place,Armenia
Place,Australia
Place,Austria
Place,Azerbaijan
Place,Bahamas
Place,Bahrain
Place,Bangladesh
Place,Barbados
Place,Belarus
Place,Belgium
Place,Belize
Place,Benin
Place,Bhutan
Place,Bolivia
Place,BosniaandHerzegovina
Place,Botswana
Place,Brazil
Place,Brunei
Place,Bulgaria
Place,BurkinaFaso
Place,Burundi
Place,CÃ´ted'Ivoire
Place,CaboVerde
Place,Cambodia
Place,Cameroon
Place,Canada
Place,CentralAfricanRepublic
Place,Chad
Place,Chile
Place,China
Place,Colombia
Place,Comoros
Place,Congo
Place,CostaRica
Place,Croatia
Place,Cuba
Place,Cyprus
Place,Czechia
Place,DemocraticRepublicoftheCongo
Place,Denmark
Place,Djibouti
Place,Dominica
Place,DominicanRepublic
Place,Ecuador
Place,Egypt
Place,ElSalvador
Place,EquatorialGuinea
Place,Eritrea
Place,Estonia
Place,Eswatini
Place,Ethiopia
Place,Fiji
Place,Finland
Place,France
Place,Gabon
Place,Gambia
Place,Georgia
Place,Germany
Place,Ghana
Place,Greece
Place,Grenada
Place,Guatemala
Place,Guinea
Place,Guinea-Bissau
Place,Guyana
Place,Haiti
Place,HolySee
Place,Honduras
Place,Hungary
Place,Iceland
Place,India
Place,Indonesia
Place,Iran
Place,Iraq
Place,Ireland
Place,Israel
Place,Italy
Place,Jamaica
Place,Japan
Place,Jordan
Place,Kazakhstan
Place,Kenya
Place,Kiribati
Place,Kuwait
Place,Kyrgyzstan
Place,Laos
Place,Latvia
Place,Lebanon
Place,Lesotho
Place,Liberia
Place,Libya
Place,Liechtenstein
Place,Lithuania
Place,Luxembourg
Place,Madagascar
Place,Malawi
Place,Malaysia
Place,Maldives
Place,Mali
Place,Malta
Place,MarshallIslands
Place,Mauritania
Place,Mauritius
Place,Mexico
Place,Micronesia
Place,Moldova
Place,Monaco
Place,Mongolia
Place,Montenegro
Place,Morocco
Place,Mozambique
Place,Myanmar
Place,Namibia
Place,Nauru
Place,Nepal
Place,Netherlands
Place,NewZealand
Place,Nicaragua
Place,Niger
Place,Nigeria
Place,NorthKorea
Place,NorthMacedonia
Place,Norway
Place,Oman
Place,Pakistan
Place,Palau
Place,PalestineState
Place,Panama
Place,PapuaNewGuinea
Place,Paraguay
Place,Peru
Place,Philippines
Place,Poland
Place,Portugal
Place,Qatar
Place,Romania
Place,Russia
Place,Rwanda
Place,SaintKittsandNevis
Place,SaintLucia
Place,SaintVincentandtheGrenadines
Place,Samoa
Place,SanMarino
Place,SaoTomeandPrincipe
Place,SaudiArabia
Place,Senegal
Place,Serbia
Place,Seychelles
Place,SierraLeone
Place,Singapore
Place,Slovakia
Place,Slovenia
Place,SolomonIslands
Place,Somalia
Place,SouthAfrica
Place,SouthKorea
Place,SouthSudan
Place,Spain
Place,SriLanka
Place,Sudan
Place,Suriname
Place,Sweden
Place,Switzerland
Place,Syria
Place,Tajikistan
Place,Tanzania
Place,Thailand
Place,Timor-Leste
Place,Togo
Place,Tonga
Place,TrinidadandTobago
Place,Tunisia
Place,Turkey
Place,Turkmenistan
Place,Tuvalu
Place,Uganda
Place,Ukraine
Place,UnitedArabEmirates
Place,UnitedKingdom
Place,UnitedStatesofAmerica
Place,Uruguay
Place,Uzbekistan
Place,Vanuatu
Place,Venezuela
Place,Vietnam
Place,Yemen
Place,Zambia
Place,Zimbabwe
