Place,Burundi
Place,Georgia
Place,Holy See (Vatican City State)
Place,Hong Kong, SAR China
Place,Syrian Arab Republic (Syria)
Place,Armenia
Place,Pitcairn
Place,Finland
Place,Iceland
Place,Réunion
Place,Micronesia, Federated States of
Place,Andorra
Place,Fiji
Place,Kyrgyzstan
Place,Libya
Place,Macao, SAR China
Place,Monaco
Place,Suriname
Place,Turkey
Place,Zimbabwe
Place,Congo (Kinshasa)
Place,Eritrea
Place,Bouvet Island
Place,Faroe Islands
Place,Gibraltar
Place,Norfolk Island
Place,Colombia
Place,Mozambique
Place,Aruba
Place,Madagascar
Place,Panama
Place,Yemen
Place,French Polynesia
Place,Kuwait
Place,Northern Mariana Islands
Place,Samoa
Place,Seychelles
Place,Falkland Islands (Malvinas)
Place,Liberia
Place,Myanmar
Place,United States of America
Place,Denmark
Place,Marshall Islands
Place,Moldova
Place,Slovakia
Place,Bulgaria
Place,Cameroon
Place,Cayman Islands
Place,Germany
Place,Kazakhstan
Place,Sao Tome and Principe
Place,Republic of Kosovo
Place,Cape Verde
Place,Lesotho
Place,Tajikistan
Place,Wallis and Futuna Islands
Place,Bahrain
Place,Nauru
Place,Pakistan
Place,Saint Kitts and Nevis
Place,Svalbard and Jan Mayen Islands
Place,United Kingdom
Place,Oman
Place,Togo
Place,Jordan
Place,Tanzania, United Republic of
Place,Haiti
Place,Nicaragua
Place,Peru
Place,Thailand
Place,Burkina Faso
Place,Guinea
Place,Liechtenstein
Place,Malawi
Place,Saint Lucia
Place,Bolivia
Place,Guernsey
Place,Argentina
Place,Tunisia
Place,Uruguay
Place,Vanuatu
Place,Viet Nam
Place,Zambia
Place,Austria
Place,South Africa
Place,Spain
Place,Sweden
Place,Jersey
Place,Montenegro
Place,Saint Helena
Place,Venezuela (Bolivarian Republic)
Place,Belarus
Place,Central African Republic
Place,Côte d'Ivoire
Place,Macedonia, Republic of
Place,Greece
Place,Jamaica
Place,Kiribati
Place,Uzbekistan
Place,Cambodia
Place,El Salvador
Place,New Caledonia
Place,Saint Vincent and Grenadines
Place,Switzerland
Place,Christmas Island
Place,Czech Republic
Place,Guam
Place,Korea (South)
Place,Mongolia
Place,Montserrat
Place,Uganda
Place,Swaziland
Place,Australia
Place,Egypt
Place,Gabon
Place,Martinique
Place,Mauritania
Place,Norway
Place,Virgin Islands, US
Place,India
Place,Lithuania
Place,Chile
Place,ALA Aland Islands
Place,Antarctica
Place,Cyprus
Place,Saint Pierre and Miquelon
Place,Sudan
Place,Timor-Leste
Place,Rwanda
Place,Botswana
Place,Palau
Place,Serbia
Place,Turks and Caicos Islands
Place,Belgium
Place,Estonia
Place,Guinea-Bissau
Place,Guyana
Place,San Marino
Place,Ukraine
Place,China
Place,Honduras
Place,United Arab Emirates
Place,Iran, Islamic Republic of
Place,Qatar
Place,Saint-Martin (French part)
Place,South Georgia and the South Sandwich Islands
Place,Hungary
Place,Kenya
Place,Mayotte
Place,Singapore
Place,British Indian Ocean Territory
Place,Guadeloupe
Place,Latvia
Place,Luxembourg
Place,Angola
Place,Djibouti
Place,Ghana
Place,Mali
Place,Saint-Barthélemy
Place,US Minor Outlying Islands
Place,British Virgin Islands
Place,Congo (Brazzaville)
Place,Slovenia
Place,Cocos (Keeling) Islands
Place,Croatia
Place,Lao PDR
Place,Morocco
Place,Netherlands
Place,Paraguay
Place,Korea (North)
Place,Bahamas
Place,Bhutan
Place,Brazil
Place,Comoros
Place,French Southern Territories
Place,Grenada
Place,Italy
Place,Saudi Arabia
Place,Antigua and Barbuda
Place,Israel
Place,Japan
Place,Portugal
Place,Nigeria
Place,Afghanistan
Place,Heard and Mcdonald Islands
Place,Maldives
Place,Tuvalu
Place,Gambia
Place,Indonesia
Place,Belize
Place,Cuba
Place,Dominican Republic
Place,Isle of Man
Place,Romania
Place,Albania
Place,Benin
Place,Lebanon
Place,Netherlands Antilles
Place,Sri Lanka
Place,Guatemala
Place,Canada
Place,Chad
Place,Mexico
Place,Philippines
Place,Sierra Leone
Place,Malta
Place,Poland
Place,Turkmenistan
Place,Anguilla
Place,Namibia
Place,American Samoa
Place,Ecuador
Place,France
Place,French Guiana
Place,New Zealand
Place,Ireland
Place,Nepal
Place,Trinidad and Tobago
Place,Taiwan, Republic of China
Place,Dominica
Place,Equatorial Guinea
Place,Palestinian Territory
Place,South Sudan
Place,Malaysia
Place,Mauritius
Place,Niger
Place,Tonga
Place,Algeria
Place,Brunei Darussalam
Place,Ethiopia
Place,Iraq
Place,Somalia
Place,Bermuda
Place,Cook Islands
Place,Greenland
Place,Papua New Guinea
Place,Senegal
Place,Costa Rica
Place,Niue
Place,Solomon Islands
Place,Bosnia and Herzegovina
Place,Puerto Rico
Place,Russian Federation
Place,Tokelau
Place,Azerbaijan
Place,Bangladesh
Place,Barbados
Place,Western Sahara
